Rank,Competidor,Rating
1,"WILLIAM JONES, EVAN DEPAUL",0.01156
2,"DOMINIK BUKSAK, SZYMON WIERZBICKI",0.0021
3,"BLAIR TUKE, PETER BURLING",0.00354
4,"DIEGO BOTIN, FLORIAN TRITTEL PAUL",0.00172
5,"RYAN SEATON, MATT MCGOVERN",0.00172
6,"FYNN STERRITT, JAMES PETERS",0.00236
7,"YAGO LANGE, KLAUS LANGE",0.00236
8,"DYLAN FLETCHER, STUART BITHELL",0.01442
9,"CLEMENT PEQUIN, ERWAN FISCHER",0.01442
10,"LOGAN BECK, OSCAR GUNN",0.00344
11,"BART LAMBRIEX, FLORIS VAN DE WERKEN",0.00344
12,"SIME FANTELA, MIHOVIL FANTELA",0.00766
13,"DIEGO BOTIN, IAGO LOPEZ MARRA",0.00766
14,"TIM FISCHER, FABIAN GRAF",0.00369
15,"NATHAN OUTTERIDGE, IAIN JENSEN",0.00369
16,"DANE WILSON, SCOTT EWING",0.00198
17,"MAXIMILIANO AGNESE, NEVIN SNOW",0.00198
18,"JONAS WARRER, CHRISTIAN PETER STEPHENSEN LUBECK",0.00062
19,"JIM COLLEY, SHAUN CONNOR",0.00062
20,"ERIK HEIL, THOMAS PLOESSEL",0.00397
21,"HANS HENKEN, IAN BARROWS",0.00397
22,"TOM BURTON, MAX PAUL",0.00522
23,"ARNO DE PLANTA, SEBASTIEN SCHNEITER",0.00522
24,"MATHIEU FREI, NOE DELPECH",0.00472
25,"NICO DELLE - KARTH, NIKOLAUS RESCH",0.00472
26,"BENJAMIN BILDSTEIN, DAVID HUSSL",0.01581
27,"WILL PHILLIPS, SAM PHILLIPS",0.0161
28,"MIKOLAJ STANIUL, JAKUB SZTORCH",0.0161
29,"DANTE BIANCHI, THOMAS LOW-BEER",0.00656
30,"ISAAC MCHARDIE, WILLIAM MCKENZIE",0.00656
31,"FREDERIK RASK, JAKOB PRECHT JENSEN",0.00828
32,"JOSH POREBSKI, TRENT RIPPEY",0.00828
33,"FEDERICO ALONSO TELLECHEA, ARTURO ALONSO TELLECHEA",0.0105
34,"DYLAN FLETCHER, ALAIN SIGN",0.0105
35,"CARL SYLVAN, MARCUS ANJEMARK",0.00484
36,"DON WHITCRAFT, DYLAN WHITCRAFT",0.00484
37,"DAVID GILMOUR, JOEL TURNER",0.01618
38,"DAVID GILMOUR, RHYS MARA",0.01618
39,"ANDERS THOMSEN, JONAS WARRER",0.00493
40,"LUKASZ PRZYBYTEK, JACEK PIASECKI",0.00493
41,"LUKASZ PRZYBYTEK, PAWEL KOLODZINSKI",0.00316
42,"TOMASZ JANUSZEWSKI, JACEK NOWAK",0.00316
43,"JONAS WARRER, JAKOB PRECHT JENSEN",0.01959
44,"OLIVER MANTON, BILLY GOODFELLOW",0.01959
45,"JOHN PINK, STUART BITHELL",0.00269
46,"EMILE AMOROS, LUCAS RUAL",0.00269
47,"MARCUS HANSEN, JOSH POREBSKI",0.00844
48,"TOM PELSMAEKERS, YANNICK LEFEBVRE",0.00844
49,"JUSTUS SCHMIDT, MAX BOEHME",0.01666
50,"ANDREW MOLLERUS, IAN MACDIARMID",0.01666
51,"SEBASTIEN SCHNEITER, LUCIEN CUJEAN",0.00281
52,"RYAN WOOD, ANDREW WOOD",0.00281
53,"NOAH LYONS, JOHN MICHEL",0.01498
54,"DUNNING BECK LOGAN, OSCAR GUNN",0.01498
55,"ANDREAS SPRANGER, JAKOB MEGGENDORFER",0.01887
56,"UBERTO CRIVELLI VISCONTI, GIANMARCO TOGNI",0.01887
57,"BART LAMBRIEX, PIM VAN VUGT",0.02271
58,"JOSE PEDRO CHIFFLET, FEDERICO RADOVITZKY",0.02271
59,"DAVE EVANS, ED POWYS",0.01149
60,"UBERTO CRIVELLI VISCONTI, LEONARDO CHISTE",0.01149
61,"DYLAN JONES, EDWARD COLEMAN",0.00718
62,"PAVLE KOSTOV, PETAR CUPAC",0.00718
63,"ERWAN FISCHER, YOUENN BERTIN",0.00989
64,"DAVID GILMOUR, LEWIS BRAKE",0.00989
65,"ZAIDING WEN, TIAN LIU",0.01165
66,"ROBERT DICKSON, SEAN WADDILOVE",0.01165
67,"JORGE LIMA, JOSE COSTA",0.01526
68,"NATHAN HOUSBERG, MALCOLM LAMPHERE",0.01526
69,"KENJI TAKAHASHI, YUKIO MAKINO",0.01787
70,"MARCO GRAEL, GABRIEL BORGES",0.01787
71,"JONAS WARRER, MARCUS LANGAGERGAARD",0.01793
72,"JULIEN D'ORTOLI, NOE DELPECH",0.01793
73,"DANIEL NYBORG, SEBASTIAN WRIGHT OLSEN",0.00195
74,"JOEL TURNER, THOMAS NEEDHAM",0.00195
75,"ALEXANDER KOSCHATE, REECE PILLINGER",0.0092
76,"HANNES WESTBERG, ALBIN BOMAN",0.0092
77,"CARL SYLVAN, OTTO HAMEL",0.01198
78,"JACOPO PLAZZI, UMBERTO MOLINERIS",0.01198
79,"CARLOS ROBLES, MARCO GRAEL",0.03179
80,"KEVIN FISCHER, YANN JAUVIN",0.03179
81,"UBERTO CRIVELLI VISCONTI, GIULIO CALABRO",0.02029
82,"MAXIME BACHELIN, ARNO DE PLANTA",0.02029
83,"ROBERT SCHEIDT, GABRIEL BORGES",0.01605
84,"MADS EMIL LUBECK, NIKOLAJ HOFFMANN BUHL",0.01605
85,"CHRIS TAYLOR, RHOS HAWES",0.02984
86,"MATHIEU FREI, YANN ROCHERIEUX",0.02984
87,"RUGGERO TITA, PIETRO ZUCCHETTI",0.02632
88,"JACK HAWKINS, CHRISTOPHER THOMAS",0.02632
89,"SIMONE FERRARESE, LEONARDO CHISTE",0.02145
90,"KEVIN FISCHER, NOE DELPECH",0.02145
91,"UBERTO CRIVELLI VISCONTI, N/A",0.01633
92,"FREDERIK RASK, NIKOLAJ HOFFMANN BUHL",0.01633
93,"FRITIOF HEDSTROM, OTTO HAMEL",0.04806
94,"FERNANDO DIZ, HERNAN UMPIERRE",0.04806
95,"NICLAS DURING, VICTOR BERGSTROM",0.00918
96,"HENRY OTTO, DAVEY MILES",0.00918
97,"MAXIMILIAN STINGELE, LINOV SCHEEL",0.02321
98,"JAMES PETERS, RHOS HAWES",0.02321
99,"CARLOS PAZ BLANCO, ANTON PAZ",0.0244
100,"KLAUS LANGE, YAGO LANGE",0.0244
101,"IAN CHEKH, IVAN ZOTOV",0.02901
102,"JACOPO PLAZZI MARZOTTO, ANDREA TESEI",0.02901
103,"WILLIAM PHILLIPS, IAIN JENSEN",0.00593
104,"JOAKIM SALSKOV-IVERSEN, MARKUS OLIVER NIELSEN",0.01999
105,"ERWAN FISCHER, THIBAULT JULIEN",0.01999
106,"DICKSON ROBERT, N/A",0.01483
107,"DANIEL NYBORG, NIKOLAJ HOFFMANN BUHL",0.01483
108,"KEANU PRETTNER, JAKOB FLACHBERGER",0.04992
109,"NIKLAS ENGELMANN, JUSTUS MICKAUSCH",0.04992
110,"JOEL TURNER, LEWIS BRAKE",0.01529
111,"ANDRES BARRIO, ANTONIO TORRADO MARTINEZ",0.01529
112,"ANDREA TESEI, STEFANO CHERIN",0.02928
113,"UBERTO CRIVELLI VISCONTI, UMBERTO MOLINERIS",0.02928
114,"ALBIN BOMAN, SIMON ALM",0.01071
115,"VICTOR BERGSTROM, VICTOR VASTERNAS",0.01071
116,"JUSTUS SCHMIDT, THOMAS PLOSSEL",0.01234
117,"PIM VAN VUGT, SCIPIO HOUTMAN",0.01234
118,"RYAN SEATON, SEAFRA GUILFOYLE",0.0353
119,"MANU DYEN, STEPHANE CHRISTIDIS",0.0353
120,"FRITIOF HEDSTROM, VICTOR VASTERNAS",0.00141
121,"CARLOS ROBLES LORENTE, TREVOR BURD",0.00141
122,"VILLE KORHONEN, EDVARD BREMER",0.01947
123,"LUCA DUBBINI, ROBERTO DUBBINI",0.01947
124,"JOSHUA RICHNER, NILO SCHARER",0.02017
125,"LOGAN DUNNING BECK, JACK SIMPSON",0.02017
126,"PAVEL KALINCHEV, PAVEL KARACHOV",0.01189
127,"FREDERIK RASK, MARCUS BAY",0.01189
128,"ALBERT TORRES, ELIAS ARETZ",0.01369
129,"TOMAS BARRETO, JOAO PRIETO",0.01369
130,"NICK ROBINS, DANIEL BUDDEN",0.00538
131,"SEAFRA GUILFOYLE, JOHNNY DURCAN",0.00538
132,"MATTEO BARISON, NICOLA TORCHIO",0.02577
133,"GIUSEPPE ANGILELLA, PIETRO ZUCCHETTI",0.02577
134,"PRZEMEK FILIPOWICZ, JACEK PIASECKI",0.0096
135,"CHRIS TAYLOR, SAMUEL BATTEN",0.0096
136,"PIETRO SIBELLO, GIACOMO CAVALLI",0.01235
137,"GANAPATHY KELAPANDA, VARUN THAKKAR",0.01235
138,"TOM BURTON, SIMON HOFFMAN",0.00552
139,"HANS HENKEN, JUDGE RYAN",0.00552
140,"PRZEMYSLAW FILIPOWICZ, JACEK NOWAK",0.01499
141,"MATHIAS BERTHET, JEPPE NILSEN",0.01499
142,"BENJAMIN GREZ AHRENS, CRISTOBAL GREZ",0.01611
143,"NILS CARSTENSEN, JAN FRIGGE",0.01611
144,"DENIS SHCHEGLOV, PAVEL KARACHOV",0.005
145,"XIN WANG, TIANYU QI",0.005
146,"PAUL PIETZCKER, LINUS VON OPPEN",0.0111
147,"MIKOLAJ STANIUL, KUBA SZTORCH",0.0111
148,"SIMONE FERRARESE, GIANMARCO TOGNI",0.02242
149,"WILLIAM JONES, JUSTIN BARNES",0.02242
150,"JAMES WIERZBOWSKI, WILLIAM PHILLIPS",0.00671
151,"PETER LIN JANEZIC, ANZE PODLOGAR",0.00671
152,"CARL P SYLVAN, ALBIN BOMAN",0.03498
153,"DAVID GILMOUR, LACHY GILMOUR",0.03498
154,"CHRIS TAYLOR, JAMES GRUMMETT",0.00406
155,"AKIRA SAKAI, RUSSELL AYLSWORTH",0.00406
156,"JACK FERGUSON, MAX PAUL",0.0327
157,"THOMAS BARROWS III, JOSEPH MORRIS",0.0327
158,"ROBERTO DUBBINI, LUCA DUBBINI",0.024
159,"KRISTIAN PRAEST, MARCUS LANGAGERGAARD",0.024
160,"ANDREW MOLLERUS, MATTHEW MOLLERUS",0.02087
161,"LUCAS RUAL, CLEMENT PEQUIN",0.02087
162,"MARCO ANESSI, EDOARDO GAMBA",0.02008
163,"BRAD FUNK, TREVOR BURD",0.02008
164,"IAN BARROWS, MITCHELL KISS",0.02251
165,"OSKARI MUHONEN, EDVARD BREMER",0.02251
166,"MUSAB AL HADI, N/A",0.00631
167,"MARIO SEGERS, FEDERICO VILLAMBROSA",0.00631
168,"LEO TAKAHASHI, IBUKI KOIZUMI",0.01856
169,"LEVI SLAP, JOACHIM D'HONDT",0.01856
170,"CHARLIE WYATT, SIMON HOFFMAN",0.0084
171,"HUGO FEDRIGUCCI, VIRGIL AUBRIOT",0.0084
172,"GIACOMO CAVALLI, RUGGERO TITA",0.00652
173,"GABRIEL SKOCZEK, YANN ROCHERIEUX",0.00652
174,"LEO TAKAHASHI, TIM MORISHIMA",0.01061
175,"LACHY GILMOUR, RYAN DONALDSON",0.01061
176,"PHILIPP WROBEL, MORITZ HAGENMEYER",0.01716
177,"VICTOR SILEN, CHRISTOFFER SILEN",0.01716
178,"MADS EMIL STEPHENSEN LUBECK, MARCUS BAY",0.02713
179,"TYTUS BUTOWSKI, LUKASZ MACHOWSKI",0.02713
180,"MATHIAS BERTHET, NIKOLAJ HOFFMANN BUHL",0.0304
181,"BEN HEINRICH, TOBIAS MATERN",0.0304
182,"ANDER BELAUSTEGUIGOITIA, DANEL BELAUSTEGUIGOITIA",0.00604
183,"YANNICK LEFEBVRE, JAN HEUNINCK",0.00604
184,"CARLOS ROBLES LORENTE, GIACOMO CAVALLI",0.03986
185,"KYOUNGDUK KIM, SANGWOO BAE",0.03986
186,"PETER LIN JANEZIC, SEBASTIAN PRINCIC",0.01105
187,"OSCAR ANDERSSON, OLLE ARONSSON",0.01105
188,"SEBASTIEN SCOTTO DI FASANO, KEVIN FISCHER",0.01977
189,"RORY HUNTER, NEIL HUNTER",0.01977
190,"RYAN SEATON, RICHARD SCHULTHEIS",0.01077
191,"PRINCE NOBLE, MANU FRANCIS",0.01077
192,"JUUSO ROIHU, HENRI ROIHU",0.01275
193,"ALEXANDER HEINZEMANN, JUSTIN BARNES",0.01275
194,"SAMUEL BACON, HENRY GAUTREY",0.05747
195,"JAMES GRUMMETT, SAM JONES",0.05747
196,"FRITIOF HEDSTROM, NICLAS DURING",0.02301
197,"MATHIEU FREI, SEBASTIEN SCOTTO DI FASANO",0.02301
198,"HENRY LLOYD WILLIAMS, WILL ALLOWAY",0.03682
199,"WILLIAM HAWKINS, CHRISTOPHER THOMAS",0.03682
200,"FABIAN RIEGER, THOMAS PLOESSEL",0.01471
201,"THEO REVIL, TIMOTHEE DEPERY",0.01471
202,"FABIAN RIEGER, TOM HEINRICH",0.03454
203,"HUGO FEDRIGUCCI, MARTIN GUEZ",0.03454
204,"FREDERICK STRAMMER, MICHAEL KUSCHNER",0.02113
205,"LARS VAN STEKELENBORG, FLORIS VAN DE WERKEN",0.02113
206,"SHINGEN FURUYA, SHINJI HACHIYAMA",0.0189
207,"KURT HANSEN, SIMON HOFFMAN",0.0189
208,"JAMES PETERS, ALEX HUGHES",0.01662
209,"AHMED AL HASANI, ABDULRAHMAN AL MASHARI",0.01662
210,"ARIE MOFFAT, SAMUEL BONIN",0.04616
211,"LUKAS HESSE, LUCA SCHNEIDER",0.04616
212,"THOMAS CUNICH, MILES DAVEY",0.03853
213,"LEVI SLAP, TOM PELSMAEKERS",0.03853
214,"TOBIAS HEMDORFF, MARKUS OLIVER NIELSEN",0.03971
215,"DONG GYU LEE, WONJAE LEE",0.03971
216,"MICHAEL HANSEN, MATHIAS SLETTEN",0.03819
217,"CHRISTOPHER RAST, TREVOR BURD",0.03819
218,"MARKUS SOMERVILLE, JOSH POREBSKI",0.01238
219,"PHILIPP ROYLA, TOM HEINRICH",0.01238
220,"ADAM GLOGOWSKI, MACIEJ KRUSIEC",0.05192
221,"CARLOS ROBLES LORENTE, DANIEL CANOVAS COLON",0.05192
222,"SAM MORGAN, PATRICK MORGAN",0.0206
223,"ANAND THAKUR, SATYAM RANGAD",0.0206
224,"KURT HANSEN, HARRY MORTON",0.02142
225,"MASSIMO CONTESSI, LUCA CONTESSI",0.02142
226,"JOAKIM SALSKOV-IVERSEN, NIKOLAJ HOFFMANN BUHL",0.03462
227,"MANU DYEN, MARC MALLARET",0.03462
228,"JOEL TURNER, TOM SIGANTO",0.01106
229,"ELLIOTT WELLS, BILLY VENNIS-OZANNE",0.01106
230,"FRANCISCO PICCINI, TOMAS WAGMAISTER",0.0362
231,"DANIEL BRAMERVAER, MANUS OFFERMAN",0.0362
232,"PETERS JAMES, HUGUES ALEXANDER",0.02065
233,"LARS VAN STEKELENBORG, DANIEL BRAMERVAER",0.02065
234,"NEVIN SNOW, DANE WILSON",0.01207
235,"TIM ELSNER, MORITZ KLINGENBERG",0.01207
236,"MATHIAS BERTHET, ALEXANDER FRANKS-PENTY",0.01172
237,"GONZALO POLLITZER, JOSE MARIA DIEZ",0.01172
238,"TOMAS MATHISEN, JEPPE NILSEN",0.01345
239,"NYBORG DANIEL, LEHM SLETTEN",0.01345
240,"ARTEM BASALKIN, NIKOLAY CHERNIKOV",0.01051
241,"KONSTANTIN NOSOV, ALEKSANDR GAIDAENKO",0.01008
242,"GILLIES MUNRO, DANIEL HARRIS",0.01008
243,"SCOTT MCKENZIE, BLAKE MCGLASHAN",0.0209
244,"KEVIN FISCHER, JAUVIN YANN",0.0209
245,"DAVID LIEBENBERG, DANIEL MORRIS",0.0107
246,"SHINGEN FURUYA, TAKAYANAGI AKIRA",0.0107
247,"ARRAN HOLMAN, JAMES TAYLOR",0.00857
248,"CARLOS PAZ, LUIS BUGALLO ARRIOLA",0.00857
249,"SIMON HISCOCK, DANIEL BUDDEN",0.02742
250,"GWENDAL NAEL, PEQUIN CLEMENT",0.02742
251,"SIMONE FERRARESE, VALERIO GALATI",0.01628
252,"LEVI SLAP, MAX SLAP",0.01628
253,"JENS-CHRISTIAN DEHN-TOFTEHOJ, MADS FUGLBJERG",0.02976
254,"TOMAS MATHISEN, MADS MATHISEN",0.02976
255,"BART LAMBRIEX, DANIEL ROBERT",0.01748
256,"FISCHER KEVIN, YANN JAUVIN",0.01748
257,"CARL EMIL SLOTH, NIKOLAJ HOFFMANN BUHL",0.02897
258,"KLAES MEIER-ANDERSEN, CARL EMIL BAAD NIELSEN",0.02897
259,"PHILLIP LYNGBEK, MADS FUGLBJERG",0.03107
260,"MARCO GRAEL, GABRIEL SIMOES",0.03107
261,"MARTI LLENA, SANTIAGO ALEGRE",0.00753
262,"CHRISTOPHER WILLIFORD, DUNCAN WILLIFORD",0.00753
263,"WILLIAM SHAPLAND, CAMPBELL STANTON",0.06729
264,"DAVID MORI, JUSTIN BARNES",0.06729
265,"PHILLIP LYNGBEK, LAURITS VINTER",0.02924
266,"BERTHET MATHIAS, NILSEN JEPPE",0.02924
267,"PAUL FARIEN, MIRCO KLOSEL",0.02001
268,"STEFAN GLANZ-MICHAELIS, CLEMENS KRUSE",0.02001
269,"NICK ZELTNER, TILL SEGER",0.03093
270,"YANNICK LEFEBVRE, MAX SLAP",0.03093
271,"CAS VAN DONGEN, VAN VUGT",0.02986
272,"KENNISH MALO, MARTIN ANATOLE",0.02986
273,"MARCO ANESSI PE, NICOLA TORCHIO",0.02028
274,"GABRIEL SKOCZEK, SEBASTIEN SCOTTO DI FASANO",0.02028
275,"HARRY MELGES, FINN ROWE",0.02877
276,"DAVID GILMOUR, SIMON HOFFMAN",0.02877
277,"ISAAC MCHARDIE, TRENT RIPPEY",0.02139
278,"SCIPIO HOUTMAN, ROBIN BECKER",0.02139
279,"WIEBRAND DE VOS, ALEKSANDR MOLIAKOV",0.01566
280,"DAVID SCHUH, LORENZ PICHLER",0.01566
281,"IAN BARROWS, JOSEPH KISS",0.00942
282,"AKIRA TAKAYANAGI, SHINGEN FURUYA",0.00942
283,"ARISTIDE GIROU, NOAH CHAUVIN",0.01618
284,"ARTHUR DE JONGHE, JAN HEUNINCK",0.01618
285,"JUUSO ROIHU, LASSE LINDELL",0.02166
286,"LUIS BUGALLO ARRIOLA, JORGE LORENZO",0.02166
287,"LUCAS RUAL, PEQUIN CLEMENT",0.02951
288,"YANNIS SAJE, JULIAN DEUSCHL",0.02951
289,"SEAN DONNELLY, TADGH DONNELLY",0.00898
290,"POL MARSANS BALCELLS, JOSE MANUEL RUIZ IBANEZ",0.00898
291,"NICK ROBINS, ALEXANDER HUGHES",0.02375
292,"ALEC ANDERSON, CHRISTOPHER BROCKBANK",0.02375
293,"SEAN DONNELLY, MARCUS OLEARY",0.04212
294,"LENNART FROHMANN, MAGNUS FROHMANN",0.04212
295,"FREDRIK BERGSTROM, AXEL MUNKBY",0.01007
296,"STYLIANOS SOTIRIOU, ALFONSO PANAGIOTIDIS",0.01007
297,"BENJAMIN GREZ AHRENS, EXEQUIEL GREZ AHRENS",0.03759
298,"CORENTIN GOULON, YOUENN BERTIN",0.03759
299,"SANTIAGO SILVEIRA, PHILIPP UMPIERRE",0.06062
300,"PETROS KONSTANTINIDIS, VAGELIS DOLIANITIS",0.06062
301,"MARTIN WIZNER, JAIME WIZNER",0.01204
302,"MARK HASSETT, OISIN O'DRISCOLL",0.01204
303,"DANIEL BJORNHOLT, NICKLAS HEIDE-JOERGENSEN",0.02587
304,"VALENTIN MULLER, MORITZ FIEBIG",0.02587
305,"CONRAD KONITZER, FERNANDO RODRIGUEZ",0.03086
306,"RYAN LITTLECHILD, JACK HILDEBRAND",0.03086
307,"GUSTAV PETTERSON, MARCUS ANJEMARK",0.02187
308,"MUSAB AL HADI, HASHIM AL RAHSDI",0.02187
309,"MORGAN PEACH, RHOS HAWES",0.02418
310,"WEI HONG, LIUHAN WANG",0.02418
311,"LINUS RINDSFUSER, CEDRIC SCHENK",0.03803
312,"EDOARDO VALLETTA, FRANCESCO PADOVANI",0.03803
313,"JOLBERT VAN DIJK, DANIEL BRAMERVAER",0.01308
314,"JOAKIM SALSKOV-IVERSEN, NICKLAS HEIDE-JORGENSEN",0.01308
315,"GRAEME WILLCOX, ANDREW TARBOTON",0.01694
316,"JAMES GRUMMETT, DANIEL BUDDEN",0.01694
317,"MARKUS SOMERVILLE, AARON HUME-MERRY",0.02255
318,"JAKOB MEGGENDORFER, MARCO GRASSE",0.02255
319,"RICHARD SCHULTHEIS, MAX KORNER",0.03416
320,"TOBIAS HEMDORFF, SEBASTIAN BYRSTING",0.03416
321,"JOHANNES REDER, PAUL LUCAN",0.01112
322,"CARLOS PAZ, ALVARO DEL ARCO",0.01112
323,"GASTON TERRAB, FEDERICO GARCIA",0.00832
324,"MAX HAENSSLER, FRED HAENSSLER",0.00832
325,"JOHANNES SCHEFFOLD, NICK FEDERSPIEL",0.02402
326,"PAVLOS KAGIALIS, IOANNIS ORFANOS",0.02402
327,"LOUIS CHAMBET, ENZO LOBRY",0.01915
328,"JACK HILDEBRAND, JACK FERGUSON",0.01915
329,"PIRMIN SABLATNIG, JOHANNES SABLATNIG",0.03614
330,"HARRY PRICE, HARRY MORTON",0.03614
331,"STEPHEN MORRISON, ED POWYS",0.03537
332,"BONGJIN CHAE, SHIN SANGMIN",0.03537
333,"PONTUS DACKHAMMAR, MARCUS HOGLANDER",0.04146
334,"JAN MARCINIAK, ROBERT JAROCKI",0.04146
335,"GWENDAL LAMAY, LUKE WILLIM",0.00474
336,"SCIPIO HOUTMAN, MANUS OFFERMAN",0.00474
337,"LARS VAN STEKELENBORG, THIJS VISSER",0.01459
338,"IVAN ZOTOV, IVAN ZOTOV",0.01459
339,"BONGJIN CHAE, DONGWOOK KIM",0.01252
340,"KIM NICLAS HOLSTE, YANNIK HOLSTE",0.01252
341,"MANUEL WUNDERLE, FELIX WIELAND",0.02537
342,"JOHANNES SATTLER, ANTON SATTLER",0.02537
343,"MARTIN WIZNER, ANTONIO TORRADO",0.06891
344,"ALEXANDER HEINZEMANN, EDWARD COLEMAN",0.06891
345,"JOLBERT VAN DIJK, PIM VAN VUGT",0.01058
346,"MARTIN EDUARDO CUBRIA, EDUARDO ANDRES LOPEZ SEGURA",0.01058
347,"PHILIP LINDBLAD, ALEXANDER BRORSSON",0.04813
348,"VICTOR PAYA CANAL, ENRIQUE ORTIZ RAPALO",0.04813
349,"ANTONIS TSIBOUKELIS, STYLIANOS NOUTSOS",0.04517
350,"VERNON CERDAN MING, ANTONIO TORRADO MARTINEZ",0.04517
351,"MARCO BAUMANN, JAKOB FLACHBERGER",0.02753
352,"LUJAN MORA ENRIQUE, TORRADO MARTINEZ ANTONIO",0.02753
353,"CHARLIE HIBBEN, SCOTT RASMUSSEN",0.01196
354,"EMILE AMOROS, BREWAL NAEL",0.01196
355,"JONATHAN GOLDSBERRY, CHAD FREITAS",0.04657
356,"AMAN MOHAN VYAS, SHUBHAM PILLAI",0.04657
357,"JOHN FERGUSON, ARTHUR FERGUSON",0.02447
358,"MASCIA GIANMARCO, CORDINI PIETRO",0.02447
359,"MORTEN ROISLAND, STEFFEN SKJONBERG",0.01217
360,"THOMAS STAPLES, WILLIAM STAPLES",0.01217
361,"LUCA CONTESSI, MASSIMO CONTESSI",0.03014
362,"JAMES OLSSON, HENRIK ERIKSSON",0.03014
363,"INSUB KIM, KWON JINKYUNG",0.03755
364,"RICARDO ALVES, TIAGO ALVES",0.03755
365,"DENIS SHCHEGLOV, MICHAIL POPOV",0.0048
366,"CHRISTOPHER RAST, BURD TREVOR",0.0048
367,"PANAGIOTIS KAMBOURIDIS, STYLIANOS NOUTSOS",0.01434
368,"JACOBO GARCIA, POL MARSANS",0.01434
369,"JORDAN JANOV, GRANT JANOV",0.0063
370,"RYAN WOOD, ARIE MOFFAT",0.0063
371,"MARIO DO AMARAL, GABRIEL BORGES",0.02004
372,"WADE WADDELL, IAN MACDIARMID",0.02004
373,"HUGO FEDRIGUCCI, SEBASTIEN SCOTTO DI FASANO",0.03106
374,"ROBBERT HUISMAN, JORN SWART",0.03106
375,"DYLAN JONES, JONATHAN KELLY",0.01668
376,"ALEXANDER BRORSSON, OSCAR ANDERSSON",0.01668
377,"STEVEN HARDEE, TAYLOR HASSON",0.00951
378,"JOAKIM SALSKOV-IVERSEN, MARCUS BAY",0.00951
379,"NICLAS LEHMANN, NIKLAS HABERL",0.05534
380,"DOLF HENDRIKSEN, JORN SWART",0.00697
381,"MUSAB AL HADI, YANN ROCHERIEUX",0.00697
382,"SAMUEL CURTIS, BENJAMIN CLEGG",0.01344
383,"JOHN JACK GOGAN, HUNTER HOY",0.06537
384,"CARL EMIL SLOTH, SIMON CHRISTOFFERSEN",0.02366
385,"EMIL JARUDD, JULIUS HALLSTROM",0.02366
386,"CORENTIN GOULON, TIM DEPERY",0.03328
387,"TOM METHVEN, WILLIAM ALLOWAY",0.03328
388,"JACOB CLASEN, JOHANNES DREESEN",0.01007
389,"MAX HAENSSLER, JOSHUA RICHNER",0.01007
390,"RAFAEL DE LA HOZ TUELLS, GREGORIO BELMONTE CUENCA",0.02254
391,"REED LORIMER, CASEY CABOT",0.02254
392,"TAL SADE, ELY REUVENY",0.00392
393,"ALEXANDER HEINZEMANN, CLIFTON KARTNER",0.00392
394,"OTTO HENRY, FLYNN TWOMEY",0.02129
395,"LIAM WALZ, ABIE GRIGGS",0.02129
396,"MICHAEL SABOURIN, ANDREW PERSON",0.03141
397,"MERIK REGANULT, LOUIS RAYNAL",0.03141
398,"KJELL HASCHEN, IVEN ANTON FROMM",0.03714
399,"BEN CRIPTON, RAFAEL PEDRO",0.03714
400,"STIJN GAST, OLAF GANZEVLES",0.02348
401,"SIMON HEINDL, FYNN KAUFHOLD",0.02348
402,"DAVID AMES, PJ BUHLER",0.0293
403,"EETU KOTIRANTA, TOM WENDT",0.0293
404,"CARL NIELSEN, MATHIAS SLETTEN",0.03909
405,"FREDERIKJUST MELSON, ANDERS BIGUM JOHANSEN",0.03909
406,"HARRY MELGES IV, WILLIAM ROWE",0.0433
407,"MATTHEW GRAHAM, ALEXANDER HUME",0.0433
408,"MORITZ DORAU, RIKO ROCKENBAUCH",0.01739
409,"MALTHE EBDRUP, SEBASTIAN WRIGHT OLSEN",0.01739
410,"YAM WIRTHEIM, MAOR ABU",0.01624
411,"EDVIN GIPPERTH, N/A",0.01624
412,"EVAN SJOSTEDT, GARRETT BROWN",0.02254
413,"PEDRO COSTA, JOAO BOLINA",0.02254
414,"MAXIMILIAN STINGELE, LUKAS SCHAPER",0.00661
415,"JESPER BAHR, FYNN KAUFHOLD",0.00661
416,"PIOTR SZLACHCIC, LUKASZ WLOCH",0.01556
417,"OSCAR SILEN, ARTHUR THERMAN",0.01556
418,"FREDERIK MELSON, CARL EMIL BAAD NIELSEN",0.02483
419,"MINGLIANG DING, WENWEI ZHANG",0.02483
420,"MAX MARCOUR, DOMINIC FRITZE",0.00783
421,"EDVIN GIPPERTH, DENNIS FONSECA KARLSSON",0.00783
422,"WILLIAM STAPLES, THOMAS STAPLES",0.01871
423,"FIN ARMSTRONG, EWAN GRIBBIN",0.01871
424,"RODOLFO PIRES, GONCALO PIRES",0.00859
425,"MARIUS WESTERLIND, OLLE ARONSSON",0.00859
426,"JOONOH JIN, MINGYU JEONG",0.01265
427,"TOMI OIKKONEN, RISTO PESOLA",0.01265
428,"JOSSE BONATZ, CARL-CHRISTIAN BARTH",0.02028
429,"YI NIAN KOH, JEN-E TAN",0.02028
430,"OLE KUCK, MATS LUDWIG",0.02203
431,"VALENTIN JELL, PATRICK RUESS",0.02203
432,"EDOARDO CAMPOLI, LORENZO CIANCHI",0.01874
433,"MATTIAS COUTTS, HENRY HASLETT",0.01874
434,"JOAKIM SALSKOV-IVERSEN, ANDERS JOHANSEN",0.00534
435,"CARL EMIL SLOTH, ANDREAS HOFFMANN-PETERSEN",0.00534
436,"MATTEO PILATI, FRANCESCO RUBAGOTTI",0.00792
437,"YANNIS NAUDY, VIRGIL AUBRIOT",0.00792
438,"ROBERT DICKSON, ROBERT EDWARD GILMORE",0.00915
439,"BRADLEY FUNK, SAMUEL HODGES",0.00915
440,"JASPER STEFFENS, TOM LENNART BRAUCKMANN",0.01487
441,"NIL MAS I ROMERO, SANTIAGO ALEGRE",0.01487
442,"MUSAB AL HADI, WALEED AL KINDI",0.01656
443,"DYLAN FLETCHER-SCOTT, RHOS HAWES",0.01625
444,"TIAGO ALVES, RICARDO ALVES",0.01625
445,"OSCAR ENGSTROM, HUGO WESTBERG",0.00971
446,"STYLIANOS SOTIRIOU, DIMITRIOS BENAKIS",0.00496
447,"ANDRES BARRIO GARCIA, FRAN NUNEZ TORRES",0.00496
448,"ARRAN HOLMAN, JOSE MANUEL RUIZ IBANEZ",0.02123
449,"CASEY LAW, JACK DINGEMANS",0.02123
450,"DOUGLAS LEUNG, AUGUSTIN CLOT",0.01605
451,"MARCEL MARCINIAK, PATRYK ROZAK",0.01605
452,"MARTIN MIKKOLA, MARKUS IHAMUOTILA",0.01113
453,"NAEL GWENDAL, GAUTIER GUEVEL",0.01113
454,"TERUAKI SHIMAKURA, MINAKI ENDO",0.03551
455,"JAKOB PORTHUN, MALTE JACOBS",0.03551
456,"JUAN EMIGDIO BEDIA, VICTOR PEREZ",0.02037
457,"YI NIAN KOH, RIJI WONG",0.02037
458,"VICTOR SILEN, OLIVER SILEN",0.03814
459,"CHARLIE HIBBEN, NICOLAS MULLER",0.01601
460,"SHINTARO KAMISONODA, TERUAKI SHIMAKURA",0.01601
461,"CAILEN ROCHFORD, SAM BACON",0.02336
462,"MERIK REGNAULT, ARISTIDE GASQUET",0.02336
463,"EMIL KJAER, CARL LAURITS SCHOUW NIELSEN",0.01913
464,"LEON SEVERENS, LUKAS HESSE",0.01913
465,"CORNE JANSSEN, WIEBRAND DE VOS",0.01734
466,"LORENZO PEZZILLI, TOBIA TORRONI",0.01734
467,"PHILLIP LYNGBEK, LAURITS JENSEN",0.02978
468,"MARK WONG, JEN-E TAN",0.02978
469,"CONRAD KONITZER, FINN DICKE",0.01292
470,"MARKO SMOLIC, JURAJ RADACIC",0.01292
471,"JOSTEIN AKER, JACOB UNDRUM",0.01596
472,"AHMED AL HASANI, VIRGIL AUBRIOT",0.01596
473,"NICK ROBINS, BILLY VENNIS-OZANNE",0.00867
474,"FEDERICO FIGLIA DI GRANARA, RICCARDO FIGLIA DI GRANARA",0.00909
475,"LUKAS KAMMERER, PAUL EBENBICHLER",0.00909
476,"JESPER STALHEIM, HUGO CHRISTENSSEN",0.00988
477,"PABLO GARCIA PORTELA, MARCOS FERNANDEZ FUERTES",0.00988
478,"JAN MARCINIAK, PAWEL NOWICKI",0.01024
479,"SIMON HEINDL, CONRAD JACOBS",0.02111
480,"HANNES WESTBERG, TBC TBC",0.02138
481,"ANTONIO LOPEZ MONTOYA, GREGORIO BELMONTE CUENCA",0.02138
482,"BEN HEINRICH, PAUL ARP",0.04403
483,"KEANU PRETTNER, MARCO BAUMANN",0.04403
484,"RONI OSZKAR SZABO, ANDRAS BENCE CSEBFALVI",0.04401
485,"TOMMASO CIAGLIA, STEFANO DEZULIAN",0.02182
486,"DOUGLAS LEUNG, TSZ HEI CHOW",0.02182
487,"BRIJRAJ VERMA, PANKAJ KUMAR",0.04406
488,"POL MARSANS, ALEX MARSANS",0.04406
489,"LENNART KUSS, LUCA LEIDHOLDT",0.02148
490,"CHRISTIAAN GRIFFEJOEN, THOMAS SNOEK",0.02148
491,"RAFAEL DE LA HOZ TUELLS, LUCAS RODRIGUEZ VERASTEGUI",0.01391
492,"PIM SCHEP, TIES VERPLOEGH",0.01391
493,"MORTEN ANDREAS ROISLAND, TROND VIKA FURU",0.01029
494,"NICK ROBINS, SAM BATTEN",0.01029
495,"MARTIN WIZNER, PABLO GARCIA PORTELA",0.05275
496,"MARKUS SOMERVILLE, JACK SIMPSON",0.05275
497,"JAMES GROGAN, SIMON HOFFMAN",0.0044
498,"JACOPO PLAZZI, GIACOMO CAVALLI",0.0044
499,"IVAN ZOTOV, DMITRY ARASLANOV",0.00763
500,"JAMES GROGAN, MAX PAUL",0.00763
501,"ERWAN FISCHER, VIRGIL AUBRIOT",0.01119
502,"DANIIL USACHEV, LEONID PUSHEV",0.01119
503,"JACK LEWIS, BILLY VENNIS-OZANNE",0.02994
504,"YAN CHEKH, ZOTOV IVAN",0.0198
505,"RAFAEL DE LA HOZ TUELLS, JOSE RUIZ",0.0198
506,"MIKHAIL USHKOV, KIRILL BOBOSHKO",0.01095
507,"MATHIAS BERTHET, JOSTEIN AKER",0.02064
508,"EWAN WILSON, DANIEL HARRIS",0.02064
509,"JACKSON KEON, SCOTT MCKENZIE",0.02483
510,"GWENDAL NAEL, BREWAL NAEL",0.02483
511,"ELLIOTT WELLS, LOUIS JOHNSON",0.01464
512,"OLIVER MANTON, JACK LLOYD",0.01464
513,"LUCAS RUAL, AMOROS EMILE",0.03645
514,"JESPER STALHEIM, DENNIS FONSECA KARLSSON",0.03645
515,"ALEXANDR MOSKVICHEV, KIRILL ELCHANINOV",0.03254
516,"LOUIS CHAMBET, HUGO FEDRIGUCCI",0.03254
517,"FREDERIK JUST MELSON, JAKOB PRECHT JENSEN",0.01272
518,"DAVID O'CONNOR, FANG WARREN",0.01272
519,"HUW EDWARDS, ROWAN EDWARDS",0.0104
520,"CLAUDIO DE FONTES, GIOVANNI SANFILIPPO",0.0104
521,"MATT JERWOOD, MAX PAUL",0.01518
522,"CIAN BYRNE, PATRICK CROSBIE",0.01518
523,"SOLUNE ROBERT, VALENTIN SIPAN",0.04824
524,"BENJI DANIEL, ALEX BURGER",0.04824
525,"THEO WILLIAMS, DREW BARNES",0.02657
526,"JOHN COOLEY, THOMAS CUNICH",0.0189
527,"PHILLIP HADAMCZIK, JONAS VON MAYDELL",0.0189
528,"KOSTIS KAZANTZIS, ANGELOS BOUMPOURAS",0.02075
529,"TELIS ATHANASOPOULOS YOGO, GEORGE TSOULFAS",0.02075
530,"LOUIS CHAMBET, MERIK REGNAULT",0.02821
531,"DENIS MAKAROV, KIRILL ELCHANINOV",0.02821
532,"WEI HONG, ZHIBO ZHOU",0.02737
533,"VICTOR SILEN, VICTOR SILEN",0.02737
534,"BENNET STEFFENS, MORITZ BLOCK",0.02441
535,"ENZO LOBRY, LOUIS RAYNAL",0.02441
536,"AKSELI KESKINEN, RONI PATTERSON",0.01245
537,"KONSTANTIN NOSOV, GAIDAENKO ALEKSANDR",0.01245
538,"JOHANNES NEUMANN, TIL FERNHOLZ",0.05091
539,"HARRISON SLY, THOMAS DWYER",0.00602
540,"TOM FYFE, JAMES WILSON",0.00602
541,"JUHO KOTIRANTA, ROBIN BERNER",0.02746
542,"LACHLAN PEARMAN, MATT BARKER",0.02746
543,"LEWIS ANDERSON, REECE CAULFIELD",0.02684
544,"ZAIDING WEN, TAO ZHANG",0.02684
545,"HAYDEN HARDING, CASEY BATES",0.02776
546,"CHARLIE WYATT, TOM SIGANTO",0.02631
547,"ZIHE LI, DIANJI LI",0.02631
548,"BEAU JUNK, ALEXANDER MARINELLI",0.02579
549,"HAYDEN BROWN, MACKENZIE BIRD",0.02579
550,"NIKITA USHKOV, KIRILL BOBOSHKO",0.0
551,"WILLIAM BRIDGE, JOSHUA SLOMAN",0.02551
552,"ANAND THAKUR, VISHAL THAKUR",0.02551
553,"DYLAN JANUS, CONOR HAY",0.0255
554,"XIN WANG, CHAO XIANG",0.03202
555,"MARCO ANESSI PE', FRANCESCO PIETRO TIRA",0.03202
556,"TOM WALKER, MAX SWEENY-TODD",0.03413
557,"SANDIP JAIN, MUNNA PANDIT",0.03413
558,"JAN MARCINIAK, KRZYSZTOF BIALAS",0.03814
559,"BEN PATERSON, SEAN PATERSON",0.01285
560,"KA HO CHEUNG, SIU KIT TSE",0.01285
561,"XIANG JIAN, LI DIANJI",0.03977
562,"NARENDRA SINGH, SAKTHIVEL SEKAR",0.02791
563,"JIAN XIANG, DAOKUN DENG",0.03805
564,"ARTEM SUDAKOV, ALEXANDR MOSKVICHER",0.03676
565,"CRAIG KEENAN, GAVIN NINNES",0.03676
566,"HONG WEI, ZHANG TAO",0.03782
567,"LI ZIHE, LIU TIAN",0.01314
568,"PAWEL NOWICKI, PIOTR LEYMANCZYK",0.01314
